<?xml version="1.0" encoding="UTF-8"?>
<project-private xmlns="http://www.netbeans.org/ns/project-private/1">
    <editor-bookmarks xmlns="http://www.netbeans.org/ns/editor-bookmarks/2" lastBookmarkId="0"/>
    <open-files xmlns="http://www.netbeans.org/ns/projectui-open-files/2">
        <group>
            <file>file:/Users/valeria/Documents/DIDATTICA/CORSI/Programmazione/Java/Corso/Homework/HW3/Homework3/Homework3_refactored_v1/src/hw3/Campo.java</file>
            <file>file:/Users/valeria/Documents/DIDATTICA/CORSI/Programmazione/Java/Corso/Homework/HW3/Homework3/Homework3_refactored_v1/src/hw3/ZombiesVSAliens.java</file>
            <file>file:/Users/valeria/Documents/DIDATTICA/CORSI/Programmazione/Java/Corso/Homework/HW3/Homework3/Homework3_refactored_v1/src/hw3/Zombie.java</file>
            <file>file:/Users/valeria/Documents/DIDATTICA/CORSI/Programmazione/Java/Corso/Homework/HW3/Homework3/Homework3_refactored_v1/src/hw3/Alien.java</file>
        </group>
    </open-files>
</project-private>
